{
  "oracle_irm": {
    "vocals_si_sdr_median": 10.106,
    "vocals_si_sdr_q25": 8.374,
    "vocals_si_sdr_q75": 12.53,
    "vocals_si_sdr_mean": 10.2628,
    "acc_si_sdr_median": 15.27,
    "acc_si_sdr_q25": 13.351,
    "acc_si_sdr_q75": 16.433,
    "acc_si_sdr_mean": 14.751799999999998,
    "vocals_sdr_median": 10.218,
    "vocals_sdr_q25": 8.72,
    "vocals_sdr_q75": 12.324,
    "vocals_sdr_mean": 10.480240000000002,
    "acc_sdr_median": 15.387,
    "acc_sdr_q25": 13.476,
    "acc_sdr_q75": 16.425,
    "acc_sdr_mean": 14.875320000000002,
    "time_mean_s": 0.027
  },
  "oracle_ibm": {
    "vocals_si_sdr_median": 10.245,
    "vocals_si_sdr_q25": 8.99,
    "vocals_si_sdr_q75": 13.427,
    "vocals_si_sdr_mean": 10.766079999999999,
    "acc_si_sdr_median": 15.791,
    "acc_si_sdr_q25": 14.035,
    "acc_si_sdr_q75": 17.191,
    "acc_si_sdr_mean": 15.37168,
    "vocals_sdr_median": 10.542,
    "vocals_sdr_q25": 9.468,
    "vocals_sdr_q75": 13.567,
    "vocals_sdr_mean": 11.167079999999999,
    "acc_sdr_median": 15.904,
    "acc_sdr_q25": 14.202,
    "acc_sdr_q75": 17.262,
    "acc_sdr_mean": 15.52356,
    "time_mean_s": 0.029
  },
  "hpss": {
    "vocals_si_sdr_median": -11.877,
    "vocals_si_sdr_q25": -16.184,
    "vocals_si_sdr_q75": -9.458,
    "vocals_si_sdr_mean": -12.72112,
    "acc_si_sdr_median": -1.367,
    "acc_si_sdr_q25": -3.948,
    "acc_si_sdr_q75": 0.557,
    "acc_si_sdr_mean": -1.9723999999999997,
    "vocals_sdr_median": 0.262,
    "vocals_sdr_q25": -0.539,
    "vocals_sdr_q75": 0.45,
    "vocals_sdr_mean": -0.16916000000000003,
    "acc_sdr_median": 2.148,
    "acc_sdr_q25": 1.42,
    "acc_sdr_q75": 2.816,
    "acc_sdr_mean": 2.19996,
    "time_mean_s": 0.245
  },
  "repet": {
    "vocals_si_sdr_median": -0.689,
    "vocals_si_sdr_q25": -2.3,
    "vocals_si_sdr_q75": 0.857,
    "vocals_si_sdr_mean": -1.3810000000000002,
    "acc_si_sdr_median": 2.88,
    "acc_si_sdr_q25": 1.07,
    "acc_si_sdr_q75": 4.377,
    "acc_si_sdr_mean": 2.6356,
    "vocals_sdr_median": 2.531,
    "vocals_sdr_q25": 1.943,
    "vocals_sdr_q75": 3.46,
    "vocals_sdr_mean": 2.30884,
    "acc_sdr_median": 4.549,
    "acc_sdr_q25": 3.52,
    "acc_sdr_q75": 5.492,
    "acc_sdr_mean": 4.467079999999999,
    "time_mean_s": 0.079
  },
  "rpca": {
    "vocals_si_sdr_median": -3.104,
    "vocals_si_sdr_q25": -8.058,
    "vocals_si_sdr_q75": -0.915,
    "vocals_si_sdr_mean": -4.0458,
    "acc_si_sdr_median": 0.162,
    "acc_si_sdr_q25": -1.131,
    "acc_si_sdr_q75": 0.504,
    "acc_si_sdr_mean": -0.10912000000000002,
    "vocals_sdr_median": -1.329,
    "vocals_sdr_q25": -3.614,
    "vocals_sdr_q75": 0.453,
    "vocals_sdr_mean": -1.85724,
    "acc_sdr_median": 2.828,
    "acc_sdr_q25": 1.909,
    "acc_sdr_q75": 3.04,
    "acc_sdr_mean": 2.62672,
    "time_mean_s": 1.138
  },
  "nmf": {
    "vocals_si_sdr_median": 0.506,
    "vocals_si_sdr_q25": -0.984,
    "vocals_si_sdr_q75": 3.157,
    "vocals_si_sdr_mean": 0.28780000000000017,
    "acc_si_sdr_median": 5.077,
    "acc_si_sdr_q25": 3.707,
    "acc_si_sdr_q75": 7.903,
    "acc_si_sdr_mean": 5.7027600000000005,
    "vocals_sdr_median": 1.781,
    "vocals_sdr_q25": 0.733,
    "vocals_sdr_q75": 4.598,
    "vocals_sdr_mean": 2.3147599999999997,
    "acc_sdr_median": 6.196,
    "acc_sdr_q25": 5.263,
    "acc_sdr_q75": 8.383,
    "acc_sdr_mean": 6.80764,
    "time_mean_s": 0.457
  },
  "ksvd": {
    "vocals_si_sdr_median": 0.791,
    "vocals_si_sdr_q25": -0.982,
    "vocals_si_sdr_q75": 4.18,
    "vocals_si_sdr_mean": 0.8912,
    "acc_si_sdr_median": 7.114,
    "acc_si_sdr_q25": 4.788,
    "acc_si_sdr_q75": 8.535,
    "acc_si_sdr_mean": 6.3650400000000005,
    "vocals_sdr_median": 2.702,
    "vocals_sdr_q25": 1.73,
    "vocals_sdr_q75": 5.293,
    "vocals_sdr_mean": 2.9,
    "acc_sdr_median": 7.807,
    "acc_sdr_q25": 6.017,
    "acc_sdr_q75": 9.103,
    "acc_sdr_mean": 7.38592,
    "time_mean_s": 0.275
  },
  "scn": {
    "vocals_si_sdr_median": 1.556,
    "vocals_si_sdr_q25": -0.411,
    "vocals_si_sdr_q75": 3.661,
    "vocals_si_sdr_mean": 1.2384,
    "acc_si_sdr_median": 7.716,
    "acc_si_sdr_q25": 5.967,
    "acc_si_sdr_q75": 9.779,
    "acc_si_sdr_mean": 7.5207999999999995,
    "vocals_sdr_median": 3.751,
    "vocals_sdr_q25": 2.808,
    "vocals_sdr_q75": 5.043,
    "vocals_sdr_mean": 3.68472,
    "acc_sdr_median": 8.177,
    "acc_sdr_q25": 6.89,
    "acc_sdr_q75": 10.145,
    "acc_sdr_mean": 8.16788,
    "time_mean_s": 0.075
  }
}