{
  "oracle": {
    "vocals_si_sdr_median": 10.1415,
    "vocals_si_sdr_q25": 8.277000000000001,
    "vocals_si_sdr_q75": 13.276250000000001,
    "vocals_si_sdr_mean": 10.480916666666664,
    "vocals_sdr_median": 10.2295,
    "vocals_sdr_q25": 8.6725,
    "vocals_sdr_q75": 13.1675,
    "vocals_sdr_mean": 10.69375,
    "acc_si_sdr_median": 15.5375,
    "acc_si_sdr_q25": 14.3225,
    "acc_si_sdr_q75": 16.14425,
    "acc_si_sdr_mean": 14.962250000000003,
    "acc_sdr_median": 15.602,
    "acc_sdr_q25": 14.3665,
    "acc_sdr_q75": 16.18775,
    "acc_sdr_mean": 15.087416666666668
  },
  "A": {
    "vocals_si_sdr_median": -3.556,
    "vocals_si_sdr_q25": -8.155249999999999,
    "vocals_si_sdr_q75": 0.33825000000000005,
    "vocals_si_sdr_mean": -3.9378333333333333,
    "vocals_sdr_median": -1.6705,
    "vocals_sdr_q25": -5.4105,
    "vocals_sdr_q75": 1.0190000000000001,
    "vocals_sdr_mean": -2.0165,
    "acc_si_sdr_median": 0.07350000000000001,
    "acc_si_sdr_q25": -1.191,
    "acc_si_sdr_q75": 0.30325,
    "acc_si_sdr_mean": -0.2525,
    "acc_sdr_median": 2.476,
    "acc_sdr_q25": 1.8655,
    "acc_sdr_q75": 2.9597499999999997,
    "acc_sdr_mean": 2.478166666666666
  },
  "B": {
    "vocals_si_sdr_median": 1.338,
    "vocals_si_sdr_q25": -1.47025,
    "vocals_si_sdr_q75": 3.1805,
    "vocals_si_sdr_mean": 0.64,
    "vocals_sdr_median": 3.3495,
    "vocals_sdr_q25": 1.17225,
    "vocals_sdr_q75": 4.6545,
    "vocals_sdr_mean": 2.7524999999999995,
    "acc_si_sdr_median": 6.914,
    "acc_si_sdr_q25": 4.60175,
    "acc_si_sdr_q75": 8.02875,
    "acc_si_sdr_mean": 6.291583333333333,
    "acc_sdr_median": 7.63,
    "acc_sdr_q25": 5.90425,
    "acc_sdr_q75": 8.534749999999999,
    "acc_sdr_mean": 7.255916666666668
  },
  "C": {
    "vocals_si_sdr_median": 2.6710000000000003,
    "vocals_si_sdr_q25": -1.225,
    "vocals_si_sdr_q75": 4.4775,
    "vocals_si_sdr_mean": 1.2331666666666665,
    "vocals_sdr_median": 3.9924999999999997,
    "vocals_sdr_q25": 1.71075,
    "vocals_sdr_q75": 5.53725,
    "vocals_sdr_mean": 3.31775,
    "acc_si_sdr_median": 7.235,
    "acc_si_sdr_q25": 5.65725,
    "acc_si_sdr_q75": 9.10975,
    "acc_si_sdr_mean": 6.9199166666666665,
    "acc_sdr_median": 7.965999999999999,
    "acc_sdr_q25": 6.667,
    "acc_sdr_q75": 9.578,
    "acc_sdr_mean": 7.814750000000001
  },
  "D": {
    "vocals_si_sdr_median": 1.4929999999999999,
    "vocals_si_sdr_q25": -0.6002500000000001,
    "vocals_si_sdr_q75": 4.460999999999999,
    "vocals_si_sdr_mean": 1.4314999999999998,
    "vocals_sdr_median": 3.678,
    "vocals_sdr_q25": 2.73075,
    "vocals_sdr_q75": 5.613,
    "vocals_sdr_mean": 3.9385833333333333,
    "acc_si_sdr_median": 8.475,
    "acc_si_sdr_q25": 6.8425,
    "acc_si_sdr_q75": 9.683,
    "acc_si_sdr_mean": 7.8536666666666655,
    "acc_sdr_median": 9.0465,
    "acc_sdr_q25": 7.507499999999999,
    "acc_sdr_q75": 10.0415,
    "acc_sdr_mean": 8.433583333333333
  }
}